Student_ID,Name,Department,Study_Hours,Attendance,Marks,Result
S001,Aisha,IT,6,90,82,Pass
S002,Rahul,CS,3,65,48,Fail
S003,Priya,IT,8,95,91,Pass
S004,Arjun,EXTC,4,70,55,Pass
S005,Neha,CS,7,88,79,Pass
S006,Rohan,IT,2,60,42,Fail
S007,Sneha,EXTC,9,96,94,Pass
S008,Vivek,CS,5,75,67,Pass
S009,Ananya,IT,10,98,96,Pass
S010,Karan,EXTC,3,62,45,Fail
S011,Isha,CS,6,85,76,Pass
S012,Aditya,IT,4,72,58,Pass
S013,Pooja,EXTC,8,91,88,Pass
S014,Manav,CS,2,55,39,Fail
S015,Riya,IT,7,89,81,Pass
S016,Akash,EXTC,5,78,69,Pass
S017,Kavya,CS,9,94,92,Pass
S018,Om,IT,3,68,51,Pass
S019,Simran,EXTC,6,83,74,Pass
S020,Dev,CS,1,45,32,Fail
